{
  "IcoMoonType": "selection",
  "icons": [
    {
      "icon": {
        "paths": [
          "M256 480h224v-224h-224v224zM544 256v224h224v-224h-224zM544 768h224v-224h-224v224zM256 768h224v-224h-224v224z"
        ],
        "attrs": [],
        "isMulticolor": false,
        "isMulticolor2": false,
        "tags": [
          "grid",
          "icons"
        ],
        "grid": 32
      },
      "attrs": [],
      "properties": {
        "id": 196,
        "order": 34,
        "prevSize": 32,
        "code": 59663,
        "name": "grid"
      },
      "setIdx": 1,
      "setId": 11,
      "iconIdx": 195
    },
    {
      "icon": {
        "paths": [
          "M256 256v128h512v-128h-512zM256 576h512v-128h-512v128zM256 768h512v-128h-512v128z"
        ],
        "attrs": [],
        "isMulticolor": false,
        "isMulticolor2": false,
        "tags": [
          "list",
          "menu",
          "dropdown",
          "options"
        ],
        "grid": 32
      },
      "attrs": [],
      "properties": {
        "id": 197,
        "order": 35,
        "prevSize": 32,
        "code": 59664,
        "name": "list"
      },
      "setIdx": 1,
      "setId": 11,
      "iconIdx": 196
    },
    {
      "icon": {
        "paths": [
          "M214 470h596l-64-192h-468zM746 682c36 0 64-28 64-64s-28-64-64-64-64 28-64 64 28 64 64 64zM278 682c36 0 64-28 64-64s-28-64-64-64-64 28-64 64 28 64 64 64zM808 256l88 256v342c0 24-18 42-42 42h-44c-24 0-42-18-42-42v-44h-512v44c0 24-18 42-42 42h-44c-24 0-42-18-42-42v-342l88-256c8-26 34-42 62-42h468c28 0 54 16 62 42z"
        ],
        "attrs": [],
        "isMulticolor": false,
        "isMulticolor2": false,
        "tags": [
          "directions_car"
        ],
        "defaultCode": 58673,
        "grid": 24
      },
      "attrs": [],
      "properties": {
        "ligatures": "directions_car",
        "id": 220,
        "order": 30,
        "prevSize": 24,
        "code": 58673,
        "name": "directions_car"
      },
      "setIdx": 5,
      "setId": 7,
      "iconIdx": 220
    },
    {
      "icon": {
        "paths": [
          "M422 826l-298-58 16-86 210 42 68-346-78 30v146h-84v-200l222-94c12 0 22-4 34-4 30 0 54 16 72 42l42 68c34 60 102 102 184 102v86c-94 0-178-42-234-106l-26 128 90 84v320h-86v-256l-90-84zM576 234c-46 0-86-40-86-86s40-84 86-84 84 38 84 84-38 86-84 86z"
        ],
        "attrs": [],
        "isMulticolor": false,
        "isMulticolor2": false,
        "tags": [
          "directions_run"
        ],
        "defaultCode": 58726,
        "grid": 24
      },
      "attrs": [],
      "properties": {
        "ligatures": "directions_run",
        "id": 222,
        "order": 31,
        "prevSize": 24,
        "code": 58726,
        "name": "directions_run"
      },
      "setIdx": 5,
      "setId": 7,
      "iconIdx": 222
    },
    {
      "icon": {
        "paths": [
          "M512 810c166 0 298-132 298-298s-132-298-298-298-298 132-298 298 132 298 298 298zM894 470h88v84h-88c-20 178-162 320-340 340v88h-84v-88c-178-20-320-162-340-340h-88v-84h88c20-178 162-320 340-340v-88h84v88c178 20 320 162 340 340zM512 342c94 0 170 76 170 170s-76 170-170 170-170-76-170-170 76-170 170-170z"
        ],
        "attrs": [],
        "isMulticolor": false,
        "isMulticolor2": false,
        "tags": [
          "my_location"
        ],
        "defaultCode": 58716,
        "grid": 24
      },
      "attrs": [],
      "properties": {
        "ligatures": "gps_fixed, my_location",
        "id": 359,
        "order": 32,
        "prevSize": 24,
        "name": "my_location",
        "code": 58716
      },
      "setIdx": 5,
      "setId": 7,
      "iconIdx": 359
    },
    {
      "icon": {
        "paths": [
          "M797.867 354.133c-17.067-17.067-42.667-17.067-59.733 0l-226.133 226.133-226.133-226.133c-17.067-17.067-42.667-17.067-59.733 0s-17.067 42.667 0 59.733l256 256c8.533 8.533 21.333 12.8 29.867 12.8s21.333-4.267 29.867-12.8l256-256c17.067-17.067 17.067-42.667 0-59.733z"
        ],
        "attrs": [],
        "isMulticolor": false,
        "isMulticolor2": false,
        "tags": [
          "chevron-down"
        ],
        "grid": 24
      },
      "attrs": [],
      "properties": {
        "id": 41,
        "order": 22,
        "prevSize": 24,
        "code": 59657,
        "name": "chevron-down"
      },
      "setIdx": 11,
      "setId": 1,
      "iconIdx": 0
    },
    {
      "icon": {
        "paths": [
          "M443.733 512l226.133-226.133c17.067-17.067 17.067-42.667 0-59.733s-42.667-17.067-59.733 0l-256 256c-17.067 17.067-17.067 42.667 0 59.733l256 256c8.533 8.533 21.333 12.8 29.867 12.8s21.333-4.267 29.867-12.8c17.067-17.067 17.067-42.667 0-59.733l-226.133-226.133z"
        ],
        "attrs": [],
        "isMulticolor": false,
        "isMulticolor2": false,
        "tags": [
          "chevron-left"
        ],
        "grid": 24
      },
      "attrs": [],
      "properties": {
        "id": 42,
        "order": 19,
        "prevSize": 24,
        "code": 59655,
        "name": "chevron-left"
      },
      "setIdx": 11,
      "setId": 1,
      "iconIdx": 1
    },
    {
      "icon": {
        "paths": [
          "M669.867 482.133l-256-256c-17.067-17.067-42.667-17.067-59.733 0s-17.067 42.667 0 59.733l226.133 226.133-226.133 226.133c-17.067 17.067-17.067 42.667 0 59.733 8.533 8.533 17.067 12.8 29.867 12.8s21.333-4.267 29.867-12.8l256-256c17.067-17.067 17.067-42.667 0-59.733z"
        ],
        "attrs": [],
        "isMulticolor": false,
        "isMulticolor2": false,
        "tags": [
          "chevron-right"
        ],
        "grid": 24
      },
      "attrs": [],
      "properties": {
        "id": 43,
        "order": 7,
        "prevSize": 24,
        "code": 59648,
        "name": "chevron-right"
      },
      "setIdx": 11,
      "setId": 1,
      "iconIdx": 2
    },
    {
      "icon": {
        "paths": [
          "M853.333 584.533c-25.6 0-42.667 17.067-42.667 42.667v226.133c0 25.6-17.067 42.667-42.667 42.667h-597.333c-25.6 0-42.667-17.067-42.667-42.667v-597.333c0-25.6 17.067-42.667 42.667-42.667h226.133c25.6 0 42.667-17.067 42.667-42.667s-17.067-42.667-42.667-42.667h-226.133c-72.533 0-128 55.467-128 128v597.333c0 72.533 55.467 128 128 128h597.333c72.533 0 128-55.467 128-128v-226.133c0-25.6-17.067-42.667-42.667-42.667z",
          "M968.533 226.133l-170.667-170.667c-17.067-17.067-42.667-17.067-59.733 0l-426.667 426.667c-8.533 8.533-12.8 17.067-12.8 29.867v170.667c0 25.6 17.067 42.667 42.667 42.667h170.667c12.8 0 21.333-4.267 29.867-12.8l426.667-426.667c17.067-17.067 17.067-42.667 0-59.733zM494.933 640h-110.933v-110.933l384-384 110.933 110.933-384 384z"
        ],
        "attrs": [],
        "isMulticolor": false,
        "isMulticolor2": false,
        "tags": [
          "edit"
        ],
        "grid": 24
      },
      "attrs": [],
      "properties": {
        "id": 80,
        "order": 18,
        "prevSize": 24,
        "code": 59654,
        "name": "edit"
      },
      "setIdx": 11,
      "setId": 1,
      "iconIdx": 3
    },
    {
      "icon": {
        "paths": [
          "M1019.733 494.933c-8.533-17.067-187.733-366.933-507.733-366.933s-499.2 349.867-507.733 366.933c-4.267 12.8-4.267 25.6 0 38.4 8.533 12.8 187.733 362.667 507.733 362.667s499.2-349.867 507.733-366.933c4.267-8.533 4.267-25.6 0-34.133zM512 810.667c-230.4 0-379.733-230.4-422.4-298.667 38.4-68.267 192-298.667 422.4-298.667s379.733 230.4 422.4 298.667c-42.667 68.267-192 298.667-422.4 298.667z",
          "M512 341.333c-93.867 0-170.667 76.8-170.667 170.667s76.8 170.667 170.667 170.667c93.867 0 170.667-76.8 170.667-170.667s-76.8-170.667-170.667-170.667zM512 597.333c-46.933 0-85.333-38.4-85.333-85.333s38.4-85.333 85.333-85.333c46.933 0 85.333 38.4 85.333 85.333s-38.4 85.333-85.333 85.333z"
        ],
        "attrs": [],
        "isMulticolor": false,
        "isMulticolor2": false,
        "tags": [
          "eye"
        ],
        "grid": 24
      },
      "attrs": [],
      "properties": {
        "id": 84,
        "order": 15,
        "prevSize": 24,
        "code": 59652,
        "name": "eye"
      },
      "setIdx": 11,
      "setId": 1,
      "iconIdx": 4
    },
    {
      "icon": {
        "paths": [
          "M512 384c-72.533 0-128 55.467-128 128s55.467 128 128 128 128-55.467 128-128-55.467-128-128-128zM512 554.667c-25.6 0-42.667-17.067-42.667-42.667s17.067-42.667 42.667-42.667 42.667 17.067 42.667 42.667-17.067 42.667-42.667 42.667z",
          "M853.333 384c-72.533 0-128 55.467-128 128s55.467 128 128 128 128-55.467 128-128-55.467-128-128-128zM853.333 554.667c-25.6 0-42.667-17.067-42.667-42.667s17.067-42.667 42.667-42.667 42.667 17.067 42.667 42.667-17.067 42.667-42.667 42.667z",
          "M170.667 384c-72.533 0-128 55.467-128 128s55.467 128 128 128 128-55.467 128-128-55.467-128-128-128zM170.667 554.667c-25.6 0-42.667-17.067-42.667-42.667s17.067-42.667 42.667-42.667 42.667 17.067 42.667 42.667-17.067 42.667-42.667 42.667z"
        ],
        "attrs": [],
        "isMulticolor": false,
        "isMulticolor2": false,
        "tags": [
          "more-horizontal"
        ],
        "grid": 24
      },
      "attrs": [],
      "properties": {
        "id": 138,
        "order": 10,
        "prevSize": 24,
        "code": 59651,
        "name": "more-horizontal"
      },
      "setIdx": 11,
      "setId": 1,
      "iconIdx": 5
    },
    {
      "icon": {
        "paths": [
          "M942.933 392.533c-21.333-25.6-51.2-46.933-85.333-51.2-8.533 0-12.8 0-21.333 0h-196.267v-128c0-93.867-76.8-170.667-170.667-170.667-17.067 0-34.133 8.533-38.4 25.6l-157.867 358.4h-102.4c-72.533 0-128 55.467-128 128v298.667c0 72.533 55.467 128 128 128h610.133c0 0 0 0 0 0 64 0 115.2-46.933 128-106.667l59.733-384c4.267-34.133-4.267-68.267-25.6-98.133zM256 896h-85.333c-25.6 0-42.667-17.067-42.667-42.667v-298.667c0-25.6 17.067-42.667 42.667-42.667h85.333v384zM823.467 861.867c-4.267 21.333-21.333 34.133-42.667 34.133 0 0 0 0 0 0h-439.467v-418.133l153.6-345.6c34.133 12.8 59.733 42.667 59.733 81.067v170.667c0 25.6 17.067 42.667 42.667 42.667h243.2c4.267 0 4.267 0 8.533 0 12.8 0 21.333 8.533 29.867 17.067s8.533 21.333 8.533 29.867l-64 388.267z"
        ],
        "attrs": [],
        "isMulticolor": false,
        "isMulticolor2": false,
        "tags": [
          "thumbs-up"
        ],
        "grid": 24
      },
      "attrs": [],
      "properties": {
        "id": 202,
        "order": 14,
        "prevSize": 24,
        "code": 59653,
        "name": "thumbs-up"
      },
      "setIdx": 11,
      "setId": 1,
      "iconIdx": 6
    },
    {
      "icon": {
        "paths": [
          "M810.667 426.667h-469.333v-128c0-46.933 17.067-89.6 51.2-119.467 29.867-34.133 72.533-51.2 119.467-51.2 0 0 0 0 0 0 81.067 0 149.333 55.467 166.4 136.533 4.267 21.333 29.867 38.4 51.2 34.133s38.4-25.6 34.133-51.2c-25.6-119.467-132.267-204.8-251.733-204.8 0 0 0 0 0 0-68.267 0-132.267 25.6-179.2 76.8-51.2 46.933-76.8 110.933-76.8 179.2v128h-42.667c-72.533 0-128 55.467-128 128v298.667c0 72.533 55.467 128 128 128h597.333c72.533 0 128-55.467 128-128v-298.667c0-72.533-55.467-128-128-128zM853.333 853.333c0 25.6-17.067 42.667-42.667 42.667h-597.333c-25.6 0-42.667-17.067-42.667-42.667v-298.667c0-25.6 17.067-42.667 42.667-42.667h597.333c25.6 0 42.667 17.067 42.667 42.667v298.667z"
        ],
        "attrs": [],
        "isMulticolor": false,
        "isMulticolor2": false,
        "tags": [
          "unlock"
        ],
        "grid": 24
      },
      "attrs": [],
      "properties": {
        "id": 215,
        "order": 25,
        "prevSize": 24,
        "code": 59658,
        "name": "unlock"
      },
      "setIdx": 11,
      "setId": 1,
      "iconIdx": 7
    },
    {
      "icon": {
        "paths": [
          "M682.667 597.333h-341.333c-119.467 0-213.333 93.867-213.333 213.333v85.333c0 25.6 17.067 42.667 42.667 42.667s42.667-17.067 42.667-42.667v-85.333c0-72.533 55.467-128 128-128h341.333c72.533 0 128 55.467 128 128v85.333c0 25.6 17.067 42.667 42.667 42.667s42.667-17.067 42.667-42.667v-85.333c0-119.467-93.867-213.333-213.333-213.333z",
          "M512 512c119.467 0 213.333-93.867 213.333-213.333s-93.867-213.333-213.333-213.333-213.333 93.867-213.333 213.333 93.867 213.333 213.333 213.333zM512 170.667c72.533 0 128 55.467 128 128s-55.467 128-128 128-128-55.467-128-128 55.467-128 128-128z"
        ],
        "attrs": [],
        "isMulticolor": false,
        "isMulticolor2": false,
        "tags": [
          "user"
        ],
        "grid": 24
      },
      "attrs": [],
      "properties": {
        "id": 218,
        "order": 26,
        "prevSize": 24,
        "code": 59659,
        "name": "user2"
      },
      "setIdx": 11,
      "setId": 1,
      "iconIdx": 8
    },
    {
      "icon": {
        "paths": [
          "M1024 608l-192-192v-288h-128v160l-192-192-512 512v32h128v320h320v-192h128v192h320v-320h128z"
        ],
        "attrs": [],
        "isMulticolor": false,
        "isMulticolor2": false,
        "tags": [
          "home",
          "house"
        ],
        "defaultCode": 59650,
        "grid": 16
      },
      "attrs": [],
      "properties": {
        "ligatures": "home3, house3",
        "name": "home3",
        "id": 2,
        "order": 33,
        "prevSize": 32,
        "code": 59662
      },
      "setIdx": 10,
      "setId": 2,
      "iconIdx": 2
    },
    {
      "icon": {
        "paths": [
          "M544.010 1024.004c-2.296 0-4.622-0.25-6.94-0.764-14.648-3.25-25.070-16.238-25.070-31.24v-480h-480c-15.002 0-27.992-10.422-31.24-25.070-3.25-14.646 4.114-29.584 17.708-35.928l960-448c12.196-5.688 26.644-3.144 36.16 6.372 9.516 9.514 12.060 23.966 6.372 36.16l-448 960c-5.342 11.44-16.772 18.47-28.99 18.47zM176.242 448h367.758c17.674 0 32 14.328 32 32v367.758l349.79-749.546-749.548 349.788z"
        ],
        "attrs": [],
        "isMulticolor": false,
        "isMulticolor2": false,
        "tags": [
          "compass",
          "direction",
          "location"
        ],
        "defaultCode": 59721,
        "grid": 16
      },
      "attrs": [],
      "properties": {
        "ligatures": "compass, direction",
        "name": "compass",
        "id": 73,
        "order": 28,
        "prevSize": 32,
        "code": 59721
      },
      "setIdx": 10,
      "setId": 2,
      "iconIdx": 73
    },
    {
      "icon": {
        "paths": [
          "M0 0h128v1024h-128v-1024z",
          "M832 643.002c82.624 0 154.57-19.984 192-49.5v-512c-37.43 29.518-109.376 49.502-192 49.502s-154.57-19.984-192-49.502v512c37.43 29.516 109.376 49.5 192 49.5z",
          "M608 32.528c-46.906-19.94-115.52-32.528-192-32.528-96.396 0-180.334 19.984-224 49.502v512c43.666-29.518 127.604-49.502 224-49.502 76.48 0 145.094 12.588 192 32.528v-512z"
        ],
        "attrs": [],
        "isMulticolor": false,
        "isMulticolor2": false,
        "tags": [
          "flag",
          "report",
          "mark"
        ],
        "defaultCode": 59852,
        "grid": 16
      },
      "attrs": [],
      "properties": {
        "ligatures": "flag, report",
        "name": "flag",
        "id": 204,
        "order": 29,
        "prevSize": 32,
        "code": 59852
      },
      "setIdx": 10,
      "setId": 2,
      "iconIdx": 204
    },
    {
      "icon": {
        "paths": [
          "M863.68 595.68c68.992 51.424 128.128 98.496 128.128 98.496l-84.192 147.648-152.16-67.168-140.992 82.464c-9.536 86.944-18.272 166.88-18.272 166.88h-168.384l-18.688-167.392-138.944-82.656-153.824 67.904-84.16-147.648c0 0 58.144-46.848 126.976-98.112v-168.288l-126.976-97.92 84.16-147.68 150.144 66.816 149.056-80.864 12.256-168.16h168.384l12.192 167.456 147.008 82.496 152.256-67.776 84.192 147.68-128.128 98.272v167.552zM512 384c-70.688 0-128 57.312-128 128s57.312 128 128 128 128-57.312 128-128-57.312-128-128-128z"
        ],
        "attrs": [],
        "isMulticolor": false,
        "isMulticolor2": false,
        "tags": [
          "cog",
          "gear",
          "settings",
          "generate",
          "make",
          "options"
        ],
        "grid": 16
      },
      "attrs": [],
      "properties": {
        "id": 13,
        "order": 21,
        "prevSize": 32,
        "code": 59656,
        "name": "cog"
      },
      "setIdx": 11,
      "setId": 1,
      "iconIdx": 9
    },
    {
      "icon": {
        "paths": [
          "M992 384h-352v-352c0-17.664-14.304-32-32-32h-192c-17.696 0-32 14.336-32 32v352h-352c-17.696 0-32 14.336-32 32v192c0 17.696 14.304 32 32 32h352v352c0 17.696 14.304 32 32 32h192c17.696 0 32-14.304 32-32v-352h352c17.696 0 32-14.304 32-32v-192c0-17.664-14.304-32-32-32z"
        ],
        "attrs": [],
        "isMulticolor": false,
        "isMulticolor2": false,
        "tags": [
          "plus",
          "add",
          "sum"
        ],
        "grid": 16
      },
      "attrs": [],
      "properties": {
        "id": 24,
        "order": 27,
        "prevSize": 32,
        "code": 59660,
        "name": "plus"
      },
      "setIdx": 11,
      "setId": 1,
      "iconIdx": 10
    },
    {
      "icon": {
        "paths": [
          "M1014.88 926.496c12.192 12.192 12.192 31.968 0 44.192l-44.192 44.192c-12.224 12.192-32 12.192-44.192 0l-309.376-309.376c-3.36-3.36-5.6-7.328-7.104-11.552-63.456 46.368-141.376 74.048-226.016 74.048-212.064 0-384-171.936-384-384 0-212.064 171.936-384 384-384 212.064 0 384 171.936 384 384 0 84.64-27.68 162.56-74.048 226.016 4.224 1.504 8.192 3.712 11.552 7.104l309.376 309.376zM384 128c-141.376 0-256 114.624-256 256s114.624 256 256 256 256-114.624 256-256c0-141.376-114.624-256-256-256z"
        ],
        "attrs": [],
        "isMulticolor": false,
        "isMulticolor2": false,
        "tags": [
          "search",
          "zoom",
          "magnifier",
          "magnifying glass"
        ],
        "grid": 16
      },
      "attrs": [],
      "properties": {
        "id": 29,
        "order": 9,
        "prevSize": 32,
        "code": 59650,
        "name": "search"
      },
      "setIdx": 11,
      "setId": 1,
      "iconIdx": 11
    },
    {
      "icon": {
        "paths": [
          "M192 0v1024l640-511.264-640-512.736z"
        ],
        "attrs": [],
        "isMulticolor": false,
        "isMulticolor2": false,
        "tags": [
          "play",
          "media control"
        ],
        "grid": 16
      },
      "attrs": [],
      "properties": {
        "id": 35,
        "order": 8,
        "prevSize": 32,
        "code": 59649,
        "name": "play"
      },
      "setIdx": 11,
      "setId": 1,
      "iconIdx": 12
    },
    {
      "icon": {
        "paths": [
          "M959.884 128c0.040 0.034 0.082 0.076 0.116 0.116v767.77c-0.034 0.040-0.076 0.082-0.116 0.116h-895.77c-0.040-0.034-0.082-0.076-0.114-0.116v-767.772c0.034-0.040 0.076-0.082 0.114-0.114h895.77zM960 64h-896c-35.2 0-64 28.8-64 64v768c0 35.2 28.8 64 64 64h896c35.2 0 64-28.8 64-64v-768c0-35.2-28.8-64-64-64v0z",
          "M832 288c0 53.020-42.98 96-96 96s-96-42.98-96-96 42.98-96 96-96 96 42.98 96 96z",
          "M896 832h-768v-128l224-384 256 320h64l224-192z"
        ],
        "tags": [
          "image",
          "picture",
          "photo",
          "graphic"
        ],
        "defaultCode": 59661,
        "grid": 16,
        "attrs": []
      },
      "attrs": [],
      "properties": {
        "ligatures": "image, picture",
        "name": "image",
        "order": 20,
        "id": 14,
        "prevSize": 32,
        "code": 59661
      },
      "setIdx": 11,
      "setId": 1,
      "iconIdx": 13
    },
    {
      "icon": {
        "paths": [
          "M192 0v1024h768v-1024h-768zM576 256.33c70.51 0 127.67 57.16 127.67 127.67s-57.16 127.67-127.67 127.67-127.67-57.16-127.67-127.67 57.16-127.67 127.67-127.67v0zM768 768h-384v-64c0-70.696 57.306-128 128-128v0h128c70.696 0 128 57.304 128 128v64z",
          "M64 64h96v192h-96v-192z",
          "M64 320h96v192h-96v-192z",
          "M64 576h96v192h-96v-192z",
          "M64 832h96v192h-96v-192z"
        ],
        "tags": [
          "address-book",
          "contact",
          "book",
          "contacts"
        ],
        "defaultCode": 59716,
        "grid": 16,
        "attrs": []
      },
      "attrs": [],
      "properties": {
        "ligatures": "address-book, contact",
        "name": "address-book",
        "order": 3,
        "id": 69,
        "prevSize": 32,
        "code": 59716
      },
      "setIdx": 11,
      "setId": 1,
      "iconIdx": 14
    },
    {
      "icon": {
        "width": 1152,
        "paths": [
          "M1088 901.166c0 45.5 26.028 84.908 64 104.184v15.938c-10.626 1.454-21.472 2.224-32.5 2.224-68.008 0-129.348-28.528-172.722-74.264-26.222 6.982-54.002 10.752-82.778 10.752-159.058 0-288-114.616-288-256s128.942-256 288-256c159.058 0 288 114.616 288 256 0 55.348-19.764 106.592-53.356 148.466-6.824 14.824-10.644 31.312-10.644 48.7zM512 0c278.458 0 504.992 180.614 511.836 405.52-49.182-21.92-103.586-33.52-159.836-33.52-95.56 0-185.816 33.446-254.138 94.178-70.846 62.972-109.862 147.434-109.862 237.822 0 44.672 9.544 87.888 27.736 127.788-5.228 0.126-10.468 0.212-15.736 0.212-27.156 0-53.81-1.734-79.824-5.044-109.978 109.978-241.25 129.7-368.176 132.596v-26.916c68.536-33.578 128-94.74 128-164.636 0-9.754-0.758-19.33-2.164-28.696-115.796-76.264-189.836-192.754-189.836-323.304 0-229.75 229.23-416 512-416z"
        ],
        "tags": [
          "bubbles",
          "comments",
          "chat",
          "talk"
        ],
        "defaultCode": 59756,
        "grid": 16,
        "attrs": []
      },
      "attrs": [],
      "properties": {
        "ligatures": "bubbles, comments",
        "name": "bubbles",
        "order": 17,
        "id": 109,
        "prevSize": 32,
        "code": 59756
      },
      "setIdx": 11,
      "setId": 1,
      "iconIdx": 15
    },
    {
      "icon": {
        "paths": [
          "M512 192c-54.932 0-107.988 8.662-157.694 25.742-46.712 16.054-88.306 38.744-123.628 67.444-66.214 53.798-102.678 122.984-102.678 194.814 0 40.298 11.188 79.378 33.252 116.152 22.752 37.92 56.982 72.586 98.988 100.252 30.356 19.992 50.78 51.948 56.176 87.894 1.8 11.984 2.928 24.088 3.37 36.124 7.47-6.194 14.75-12.846 21.88-19.976 24.154-24.152 56.78-37.49 90.502-37.49 5.368 0 10.762 0.336 16.156 1.024 20.974 2.666 42.398 4.020 63.676 4.020 54.934 0 107.988-8.66 157.694-25.742 46.712-16.054 88.306-38.744 123.628-67.444 66.214-53.796 102.678-122.984 102.678-194.814s-36.464-141.016-102.678-194.814c-35.322-28.698-76.916-51.39-123.628-67.444-49.706-17.080-102.76-25.742-157.694-25.742zM512 64v0c282.77 0 512 186.25 512 416 0 229.752-229.23 416-512 416-27.156 0-53.81-1.734-79.824-5.044-109.978 109.978-241.25 129.7-368.176 132.596v-26.916c68.536-33.578 128-94.74 128-164.636 0-9.754-0.758-19.33-2.164-28.696-115.796-76.264-189.836-192.754-189.836-323.304 0-229.75 229.23-416 512-416z"
        ],
        "tags": [
          "bubble",
          "comment",
          "chat",
          "talk"
        ],
        "defaultCode": 59758,
        "grid": 16,
        "attrs": []
      },
      "attrs": [],
      "properties": {
        "ligatures": "bubble2, comment2",
        "name": "bubble2",
        "order": 4,
        "id": 111,
        "prevSize": 32,
        "code": 59758
      },
      "setIdx": 11,
      "setId": 1,
      "iconIdx": 16
    },
    {
      "icon": {
        "paths": [
          "M576 706.612v-52.78c70.498-39.728 128-138.772 128-237.832 0-159.058 0-288-192-288s-192 128.942-192 288c0 99.060 57.502 198.104 128 237.832v52.78c-217.102 17.748-384 124.42-384 253.388h896c0-128.968-166.898-235.64-384-253.388z"
        ],
        "tags": [
          "user",
          "profile",
          "avatar",
          "person",
          "member"
        ],
        "defaultCode": 59761,
        "grid": 16,
        "attrs": []
      },
      "attrs": [],
      "properties": {
        "ligatures": "user, profile2",
        "name": "user",
        "order": 2,
        "id": 114,
        "prevSize": 32,
        "code": 59761
      },
      "setIdx": 11,
      "setId": 1,
      "iconIdx": 17
    },
    {
      "icon": {
        "paths": [
          "M0 64v896h1024v-896h-1024zM384 640v-192h256v192h-256zM640 704v192h-256v-192h256zM640 192v192h-256v-192h256zM320 192v192h-256v-192h256zM64 448h256v192h-256v-192zM704 448h256v192h-256v-192zM704 384v-192h256v192h-256zM64 704h256v192h-256v-192zM704 896v-192h256v192h-256z"
        ],
        "tags": [
          "table",
          "wysiwyg"
        ],
        "defaultCode": 60017,
        "grid": 16,
        "attrs": []
      },
      "attrs": [],
      "properties": {
        "ligatures": "table2, wysiwyg19",
        "name": "table2",
        "order": 6,
        "id": 370,
        "prevSize": 32,
        "code": 60017
      },
      "setIdx": 11,
      "setId": 1,
      "iconIdx": 18
    }
  ],
  "height": 1024,
  "metadata": {
    "name": "icomoon"
  },
  "preferences": {
    "showGlyphs": true,
    "showQuickUse": true,
    "showQuickUse2": true,
    "showSVGs": true,
    "fontPref": {
      "prefix": "icon-",
      "metadata": {
        "fontFamily": "icomoon"
      },
      "metrics": {
        "emSize": 1024,
        "baseline": 6.25,
        "whitespace": 50
      },
      "embed": false
    },
    "imagePref": {
      "prefix": "icon-",
      "png": true,
      "useClassSelector": true,
      "color": 0,
      "bgColor": 16777215,
      "classSelector": ".icon"
    },
    "historySize": 50,
    "showCodes": true,
    "gridSize": 16
  }
}